INSERT INTO user VALUES ('UserClient', 1, 'Abdala Armed');
INSERT INTO user VALUES ('UserClient', 2, 'Balotelli Best');
INSERT INTO user VALUES ('UserClient', 3, 'Cristiano Careca');
INSERT INTO user VALUES ('UserClient', 4, 'Denilson David');
INSERT INTO user VALUES ('UserClient', 5, 'Estefani Ester');
INSERT INTO user VALUES ('UserClient', 6, 'Fatima Flora');
INSERT INTO user VALUES ('UserClient', 7, 'Gulit Gerrard');
INSERT INTO user VALUES ('UserClient', 8, 'Hitalo Helder');
INSERT INTO user VALUES ('UserClient', 9, 'Iniesta Ibrahimovic');
INSERT INTO user VALUES ('UserClient', 10, 'Jota Jefferson');

INSERT INTO user VALUES ('UserSeller', 11, 'Abdal Anestor');
INSERT INTO user VALUES ('UserSeller', 12, 'Bruno Batman');
INSERT INTO user VALUES ('UserSeller', 13, 'Calcades Cruz');
INSERT INTO user VALUES ('UserSeller', 14, 'Dionatan Drumond');
INSERT INTO user VALUES ('UserSeller', 15, 'Everaldo England');
INSERT INTO user VALUES ('UserSeller', 16, 'Fernanda Filomena');
INSERT INTO user VALUES ('UserSeller', 17, 'Gabriela Gelda');
INSERT INTO user VALUES ('UserSeller', 18, 'Hiasmin Hester');
INSERT INTO user VALUES ('UserSeller', 19, 'Inaiara Ilma');
INSERT INTO user VALUES ('UserSeller', 20, 'Juliana Jessica');


INSERT INTO user_followers VALUES (11, 1);
INSERT INTO user_followers VALUES (12, 1);
INSERT INTO user_followers VALUES (13, 2);
INSERT INTO user_followers VALUES (14, 2);
INSERT INTO user_followers VALUES (15, 3);
INSERT INTO user_followers VALUES (16, 3);
INSERT INTO user_followers VALUES (17, 4);
INSERT INTO user_followers VALUES (18, 4);
INSERT INTO user_followers VALUES (19, 5);
INSERT INTO user_followers VALUES (20, 5);

INSERT INTO user_followers VALUES (11, 6);
INSERT INTO user_followers VALUES (12, 6);
INSERT INTO user_followers VALUES (13, 7);
INSERT INTO user_followers VALUES (14, 7);
INSERT INTO user_followers VALUES (15, 8);
INSERT INTO user_followers VALUES (16, 8);
INSERT INTO user_followers VALUES (17, 9);
INSERT INTO user_followers VALUES (18, 9);
INSERT INTO user_followers VALUES (19, 10);
INSERT INTO user_followers VALUES (20, 10);

INSERT INTO user_following VALUES (1, 11);
INSERT INTO user_following VALUES (1, 12);
INSERT INTO user_following VALUES (2, 13);
INSERT INTO user_following VALUES (2, 14);
INSERT INTO user_following VALUES (3, 15);
INSERT INTO user_following VALUES (3, 16);
INSERT INTO user_following VALUES (4, 17);
INSERT INTO user_following VALUES (4, 19);
INSERT INTO user_following VALUES (5, 19);
INSERT INTO user_following VALUES (5, 20);
INSERT INTO user_following VALUES (6, 11);
INSERT INTO user_following VALUES (6, 12);
INSERT INTO user_following VALUES (7, 13);
INSERT INTO user_following VALUES (7, 14);
INSERT INTO user_following VALUES (8, 15);
INSERT INTO user_following VALUES (8, 16);
INSERT INTO user_following VALUES (9, 17);
INSERT INTO user_following VALUES (9, 18);
INSERT INTO user_following VALUES (10, 19);
INSERT INTO user_following VALUES (10, 20);

INSERT INTO POST ("ID","CATEGORY","DATE","PRICE","USER_SELLER_ID", "HAS_PROMO") VALUES (1,'10','2020-01-01','100',11, FALSE);
INSERT INTO PRODUCT ("ID","BRAND","COLOR","NAME","NOTES","TYPE","POST_ID") VALUES (1,'RACER','RED & BLACK','CADEIRA GAMER','SPECIAL EDITION','GAMER',1);
UPDATE POST SET DETAIL_ID = 1 WHERE ID = 1;

INSERT INTO POST ("ID","CATEGORY","DATE","PRICE","USER_SELLER_ID", "HAS_PROMO") VALUES (2,'20','2020-02-02','200',12, FALSE);
INSERT INTO PRODUCT ("ID","BRAND","COLOR","NAME","NOTES","TYPE","POST_ID") VALUES (2,'RACER','BLACK','CADEIRA SOFT','LIMITED EDITION','SOFT',2);
UPDATE POST SET DETAIL_ID = 2 WHERE ID = 2;

INSERT INTO POST ("ID","CATEGORY","DATE","PRICE","USER_SELLER_ID", "HAS_PROMO") VALUES (3,'30','2020-03-03','300',13, FALSE);
INSERT INTO PRODUCT ("ID","BRAND","COLOR","NAME","NOTES","TYPE","POST_ID") VALUES (3,'SONY','GREEN','PS5','EDITION 500GB','VIDEO GAME',3);
UPDATE POST SET DETAIL_ID = 3 WHERE ID = 3;

INSERT INTO POST ("ID","CATEGORY","DATE","PRICE","USER_SELLER_ID", "HAS_PROMO") VALUES (4,'40','2020-04-04','400',14, FALSE);
INSERT INTO PRODUCT ("ID","BRAND","COLOR","NAME","NOTES","TYPE","POST_ID") VALUES (4,'MICROSOFT','WHITE','XBOX ONE','EDITION 1T','VIDEO GAME',4);
UPDATE POST SET DETAIL_ID = 4 WHERE ID = 4;

INSERT INTO POST ("ID","CATEGORY","DATE","PRICE","USER_SELLER_ID", "HAS_PROMO") VALUES (5,'50','2020-05-05','500',15, FALSE);
INSERT INTO PRODUCT ("ID","BRAND","COLOR","NAME","NOTES","TYPE","POST_ID") VALUES (5,'SEGA','GRAY','MEGA DRIVE','OLD ONE','VIDEO GAME',5);
UPDATE POST SET DETAIL_ID = 5 WHERE ID = 5;

INSERT INTO POST ("ID","CATEGORY","DATE","PRICE","USER_SELLER_ID", "HAS_PROMO") VALUES (6,'60','2020-06-06','600',16, FALSE);
INSERT INTO PRODUCT ("ID","BRAND","COLOR","NAME","NOTES","TYPE","POST_ID") VALUES (6,'APPLE','ROSE','IPHONE XR','512GB','CELL',6);
UPDATE POST SET DETAIL_ID = 6 WHERE ID = 6;

INSERT INTO POST ("ID","CATEGORY","DATE","PRICE","USER_SELLER_ID", "HAS_PROMO") VALUES (7,'70','2020-07-07','700',17, FALSE);
INSERT INTO PRODUCT ("ID","BRAND","COLOR","NAME","NOTES","TYPE","POST_ID") VALUES (7,'APPLE','ROSE','IPHONE 12','512GB','CELL',7);
UPDATE POST SET DETAIL_ID = 7 WHERE ID = 7;

INSERT INTO POST ("ID","CATEGORY","DATE","PRICE","USER_SELLER_ID", "HAS_PROMO") VALUES (8,'80','2020-08-08','800',18, FALSE);
INSERT INTO PRODUCT ("ID","BRAND","COLOR","NAME","NOTES","TYPE","POST_ID") VALUES (8,'SAMSUNG','VIOLET','GALAXY S21 ULTRA','256GB','CELL',8);
UPDATE POST SET DETAIL_ID = 8 WHERE ID = 8;

INSERT INTO POST ("ID","CATEGORY","DATE","PRICE","USER_SELLER_ID", "HAS_PROMO") VALUES (9,'90','2020-09-09','900',19, FALSE);
INSERT INTO PRODUCT ("ID","BRAND","COLOR","NAME","NOTES","TYPE","POST_ID") VALUES (9,'SAMSUNG','VIOLET','GALAXY S21 ULTRA','256GB','CELL',9);
UPDATE POST SET DETAIL_ID = 9 WHERE ID = 9;

INSERT INTO "PUBLIC"."POST"("ID","CATEGORY","DATE","PRICE","USER_SELLER_ID", "HAS_PROMO") VALUES (10,'100','2020-10-10','1000',20, FALSE);
INSERT INTO "PUBLIC"."PRODUCT"("ID","BRAND","COLOR","NAME","NOTES","TYPE","POST_ID") VALUES (10,'LG','BLACK','ULTRAWIDE 34','SPECIAL EDITION','TV',10);
UPDATE POST SET DETAIL_ID = 10 WHERE ID = 10;

INSERT INTO "PUBLIC"."POST"("ID","CATEGORY","DATE","PRICE","USER_SELLER_ID", "HAS_PROMO", "DISCOUNT") VALUES (11,'100','2020-10-10','1000',20, TRUE, 10.99);
INSERT INTO "PUBLIC"."PRODUCT"("ID","BRAND","COLOR","NAME","NOTES","TYPE","POST_ID") VALUES (11,'LG','BLACK','CELULAR','SPECIAL EDITION','TV',11);
UPDATE POST SET DETAIL_ID = 11 WHERE ID = 11;

INSERT INTO "PUBLIC"."POST"("ID","CATEGORY","DATE","PRICE","USER_SELLER_ID", "HAS_PROMO", "DISCOUNT") VALUES (12,'100','2020-10-10','1000',20, TRUE, 9.58);
INSERT INTO "PUBLIC"."PRODUCT"("ID","BRAND","COLOR","NAME","NOTES","TYPE","POST_ID") VALUES (12,'LG','BLACK','CELULAR','SPECIAL EDITION','TV',12);
UPDATE POST SET DETAIL_ID = 12 WHERE ID = 12;

INSERT INTO USER_POSTS ("USER_SELLER_ID","POSTS_ID")VALUES(11,1); 
INSERT INTO USER_POSTS ("USER_SELLER_ID","POSTS_ID")VALUES(12,2); 
INSERT INTO USER_POSTS ("USER_SELLER_ID","POSTS_ID")VALUES(13,3); 
INSERT INTO USER_POSTS ("USER_SELLER_ID","POSTS_ID")VALUES(14,4); 
INSERT INTO USER_POSTS ("USER_SELLER_ID","POSTS_ID")VALUES(15,5); 
INSERT INTO USER_POSTS ("USER_SELLER_ID","POSTS_ID")VALUES(16,6); 
INSERT INTO USER_POSTS ("USER_SELLER_ID","POSTS_ID")VALUES(17,7); 
INSERT INTO USER_POSTS ("USER_SELLER_ID","POSTS_ID")VALUES(18,8); 
INSERT INTO USER_POSTS ("USER_SELLER_ID","POSTS_ID")VALUES(19,9);
INSERT INTO USER_POSTS ("USER_SELLER_ID","POSTS_ID")VALUES(20,10);
INSERT INTO USER_POSTS ("USER_SELLER_ID","POSTS_ID")VALUES(20,11);
INSERT INTO USER_POSTS ("USER_SELLER_ID","POSTS_ID")VALUES(20,12);
